wls,rh3,rh4,rh5,rh6
300.0,0.5520868790889045,0.7007420144658455,0.4190104598883146,0.35261105736043863
300.5,0.5611959153902402,0.71058046634424,0.4211771372921205,0.3530557761046532
301.0,0.5704453951170231,0.7201872763319573,0.4233029053790305,0.3534895767236056
301.5,0.5798296239223433,0.7295600849798837,0.42538810437883734,0.3539127808931268
302.0,0.589341872013873,0.7386970952444689,0.4274330941476185,0.35432570515502665
302.5,0.5989744029251771,0.7475970524810778,0.42943825351168696,0.3547286608769657
303.0,0.6087185130574452,0.7562592234353835,0.4314039796242325,0.35512195421768833
303.5,0.6185645812793371,0.7646833744003422,0.433330687335235,0.35550588609738293
304.0,0.6285021277320976,0.7728697486987646,0.4352188085751574,0.35588075217294
304.5,0.638519880869247,0.7808190436434532,0.4370687917528817,0.35624684281788516
305.0,0.6486058516663549,0.7885323871184122,0.4388811011682927,0.3566044431067699
305.5,0.6587474138671392,0.7960113139158804,0.44065621643985525,0.35695383280380794
306.0,0.6689313890874323,0.803257741954977,0.44239463194748635,0.35729528635555224
306.5,0.6791441355777071,0.810273948498689,0.4440968562909693,0.3576290728874131
307.0,0.6893716394466606,0.817062546476844,0.44576341176410567,0.3579554562038226
307.5,0.6995996071712326,0.8236264610136678,0.4473948338447559,0.35827469479185853
308.0,0.7098135582603138,0.8299689062496352,0.4489916707008776,0.35858704182814444
308.5,0.71999891699807,0.8360933625385674,0.4505544827126114,0.35889274518885056
309.0,0.7301411022657615,0.8420035540924378,0.4520838420104433,0.35919204746262295
309.5,0.740225614525645,0.8477034271381214,0.45358033202940845,0.35948518596627815
310.0,0.7502381191443654,0.8531971286424009,0.45504454707927794,0.3597723927631009
310.5,0.760164525333668,0.8584889856539647,0.4564770919306236,0.3600538946835936
311.0,0.7699910600907848,0.8635834853039307,0.4578785814166217,0.36032991334852615
311.5,0.7797043366271866,0.8684852554995915,0.4592496400504182,0.3606006651941448
312.0,0.7892914168804153,0.8731990463396473,0.4605909016578503,0.3608663614994003
312.5,0.7987398678075153,0.8777297122731675,0.4619030090252783,0.3611272084150636
313.0,0.8080378112585015,0.8820821950188986,0.46318661356225843,0.3613834069945998
313.5,0.8171739673229389,0.8862615072563227,0.46444237497875374,0.36163515322667805
314.0,0.8261376911308862,0.8902727170950658,0.4656709609765503,0.36188263806919924
314.5,0.8349190031702919,0.8941209333248437,0.4668730469545267,0.3621260474847275
315.0,0.8435086132557588,0.8978112914441142,0.4680493157273887,0.3623655624772169
315.5,0.8518979383479647,0.90134894046196,0.4692004572574664,0.36260135912992913
316.0,0.8600791144787495,0.9047390304644515,0.47032716839914424,0.3628336086444421
316.5,0.8680450030839115,0.9079867009338161,0.471430152655471,0.3630624773806538
317.0,0.8757891920842098,0.9110970698061428,0.4725101199464834,0.36328812689769047
317.5,0.8833059920852763,0.9140752232510929,0.47356778638874963,0.3635107139956315
318.0,0.8905904280894427,0.9169262061551023,0.47460387408562954,0.3637303907579672
318.5,0.8976382271274306,0.9196550132878939,0.4756191109277264,0.3639473045947118
319.0,0.904445802225961,0.9222665811306876,0.4766142304029939,0.3641615982860939
319.5,0.9110102331292771,0.9247657803433352,0.4775899714159448,0.3643734100267542
320.0,0.91732924418896,0.9271574088466644,0.47854707811540037,0.36458287347038093
320.5,0.923401179827945,0.9294461854955984,0.4794862997302008,0.36479011777471904
321.0,0.9292249779719812,0.9316367443180861,0.48040839041229494,0.3649952676468906
321.5,0.9348001418255731,0.9337336292945339,0.48131410908661254,0.3651984433889695
322.0,0.9401267103503536,0.9357412896522481,0.4822042193071177,0.36539976094375365
322.5,0.9452052277824389,0.9376640756493599,0.4830794891184343,0.365599331940684
323.0,0.9500367125022119,0.9395062348228128,0.48394069092242903,0.3657972637418607
323.5,0.9546226255456429,0.9412719086752012,0.4847886013491327,0.36599365948811
324.0,0.958964839021225,0.9429651297755877,0.48562400113137993,0.36618861814505876
324.5,0.9630656046712237,0.94458981924984,0.4864476749825401,0.36638223454917523
325.0,0.9669275227906616,0.9461497846365333,0.4872604114767173,0.3665745994537394
325.5,0.970553511692553,0.9476487180850388,0.48806300293079213,0.3667657995747042
326.0,0.9739467778836852,0.9490901948730541,0.4888562452876841,0.36695591763641816
326.5,0.9771107870919027,0.9504776722215182,0.48964093800020997,0.3671450324171746
327.0,0.9800492362636243,0.9518144883855821,0.49041788391492275,0.3673332187945622
327.5,0.9827660266292996,0.9531038620010711,0.4911878891553163,0.3675205477905868
328.0,0.9852652379148611,0.9543488916666633,0.491951763003787,0.3677070866165434
328.5,0.9875511037589682,0.955552555742825,0.4927103177817518,0.3678928987176135
329.0,0.9896279883790629,0.956717712349363,0.49346436872732724,0.36807804381716747
329.5,0.9915003645139501,0.9578470995442928,0.4942147338699849,0.36826257796075434
330.0,0.993172792656795,0.958943335667558,0.4949622339016064,0.3684465535597614
330.5,0.9946499015800588,0.9600089198339739,0.4957076920433729,0.3686300194347275
331.0,0.995936370142941,0.9610462325606012,0.49645193390793524,0.3688130208582988
331.5,0.9970369103623095,0.9620575365145831,0.49719578735632275,0.36899559959781214
332.0,0.997956251719803,0.9630449773682878,0.49794008234906467,0.3691777939574982
332.5,0.998699126670732,0.9640105847494068,0.498685650791008,0.3693596388202941
333.0,0.9992702573144877,0.9649562732744369,0.49943332636933735,0.36954116568925766
333.5,0.9996743431813236,0.9658838436547484,0.5001839443843129,0.3697224027285786
334.0,0.9999160500865231,0.9667949838651843,0.5009383415722619,0.3699033748041803
334.5,1.0,0.9676912703658647,0.5016973559203803,0.3700841035239105
335.0,0.9999307618772539,0.9685741693685843,0.5024618264729145,0.37026460727731636
335.5,0.9997128433961928,0.9694450381398613,0.5032325931283169,0.3704449012750055
336.0,0.9993506835436052,0.9703051263333713,0.5040104964269901,0.3706249975875911
336.5,0.9988486459949036,0.9711555773451335,0.5047963773292522,0.370804905184224
337.0,0.9982110132311175,0.9719974296854261,0.505591076983182,0.3709846299707141
337.5,0.9974419813379192,0.9728316183620128,0.506395436482024,0.3711641748272447
338.0,0.996545655432649,0.9736589762698179,0.5072102966108573,0.37134353964568484
338.5,0.9955260456668152,0.9744802355827441,0.5080364975822548,0.37152272136650755
339.0,0.9943870637533243,0.9752960291438432,0.5088748787606892,0.37170171401531893
339.5,0.9931325199696964,0.9761068918505533,0.5097262783754634,0.37188050873901035
340.0,0.9917661205907125,0.9769132620322003,0.5105915332219693,0.37205909384154223
340.5,0.9902914657062426,0.9777154828174065,0.5114714783511093,0.3722374548193717
341.0,0.9887120473824438,0.9785138034895038,0.5123669467467405,0.37241557439653955
341.5,0.9870312481270035,0.9793083808284464,0.5132787689910264,0.3725934325594299
342.0,0.9852523396216458,0.9800992804381324,0.5142077729176151,0.3727710065912215
342.5,0.9833784816876872,0.9808864780584071,0.5151547832525867,0.3729482711060506
343.0,0.981412721452984,0.9816698608613926,0.5161206212431443,0.3731251980829064
343.5,0.9793579926911692,0.9824492287321202,0.5171061042740521,0.3733017568992856
344.0,0.977217115306594,0.9832242955337716,0.5181120454718516,0.37347791436463207
344.5,0.9749927949408576,0.9839946903581438,0.5191392532969222,0.37365363475359503
345.0,0.9726876226792475,0.9847599587622379,0.5201885311234746,0.37382887983913826
345.5,0.970304074837767,0.9855195639921578,0.5212606768076037,0.3740036089255418
346.0,0.9678445128137315,0.9862728881957554,0.5223564822435526,0.37417777888133813
346.5,0.9653111829851494,0.9870192336257161,0.5234767329083729,0.37435134417223237
347.0,0.9627062166462573,0.9877578238350019,0.5246222073951927,0.3745242568940613
347.5,0.9600316299686774,0.9884878048667933,0.5257936769353402,0.37469646680585256
348.0,0.9572893239796652,0.9892082464412807,0.5269919049095939,0.37486792136305025
348.5,0.9544810845508677,0.9899181431418348,0.5282176463488684,0.3750385657509858
349.0,0.9516085823928706,0.9906164156032848,0.5294716474246641,0.37520834291867544
349.5,0.948673373052607,0.9913019117051859,0.530754644929651,0.3753771936130408
350.0,0.9456768969124358,0.9919734077731183,0.5320673657487737,0.3755450564136546
350.5,0.9426204791913412,0.9926296097912074,0.5334105263213036,0.3757118677681283
351.0,0.9395053299502999,0.9932691546291788,0.5347848320942857,0.37587756202826833
351.5,0.9363325441053947,0.9938906112873889,0.5361909769678598,0.37604207148714175
352.0,0.9331031014536952,0.9944924821633737,0.5376296427329568,0.3762053264172059
352.5,0.9298178667183546,0.9950732043435622,0.5391014985019087,0.3763672551096728
353.0,0.9264775896206869,0.9956311509238728,0.5406072001325234,0.376527783915292
353.5,0.9230829049882809,0.9961646323630019,0.542147389646211,0.3766868372867576
354.0,0.9196343329094349,0.9966718978722529,0.5437226946407673,0.37684433782295923
354.5,0.9161322789453359,0.9971511368458202,0.545333727698447,0.377000206315316
355.0,0.9125770344125445,0.9976004803354679,0.5469810857899793,0.3771543617964553
355.5,0.9089687767493517,0.998018002573566,0.5486653496752032,0.37730672159151585
356.0,0.9053075699805848,0.9984017225484644,0.550387083301018,0.37745720137237543
356.5,0.9015933652963257,0.9987496056361717,0.5521468331973663,0.37760571521512865
357.0,0.8978260017608793,0.9990595652922949,0.5539451278719869,0.37775217566115715
357.5,0.8940052071690809,0.9993294648081641,0.5557824772046891,0.37789649378216283
358.0,0.8901305990677418,0.9995571191350172,0.5576593718419178,0.3780385792495501
358.5,0.886201685960651,0.999740296780067,0.5595762825924004,0.3781783404085718
359.0,0.8822178687160654,0.9998767217781861,0.5615336598246686,0.37831568435766844
359.5,0.8781784421960861,0.9999640757428674,0.563531932867274,0.37845051703345706
360.0,0.8740825971276235,1.0,0.5655715094125178,0.3785827433018402
360.5,0.8699294222349052,0.9999820978078836,0.5676527749245345,0.37871226705572736
361.0,0.8657179066535872,0.9999079366667619,0.5697760920525696,0.37883899131987514
361.5,0.8614469426465049,0.9997750507209981,0.571941800050305,0.3789628183633692
362.0,0.8571153286409822,0.9995809432568414,0.5741502142020934,0.3790836498202791
362.5,0.8527217726072962,0.9993230892985419,0.5764016252569589,0.37920138681903
363.0,0.8482648957974812,0.9989989383053555,0.5786962988712344,0.37931593012103787
363.5,0.8437432368630357,0.9986059169717589,0.5810344750607066,0.3794271802691585
364.0,0.8391552563693241,0.998141432132937,0.583416367663131,0.37953503774649755
364.5,0.8344993417235177,0.9976028737773431,0.5858421638119897,0.3796394031461224
365.0,0.8297738125317566,0.9969876181678468,0.5883120234223593,0.37974017735220544
365.5,0.824976926399874,0.9962930310726712,0.5908260786897445,0.3798372617331126
366.0,0.8201068851904677,0.995516471107003,0.5933844336027372,0.37993055834692624
366.5,0.8151618417473238,0.9946552931858103,0.5959871634703517,0.3800199701598665
367.0,0.8101399070962088,0.9937068520880351,0.5986343144648728,0.38010540127803943
367.5,0.8050391581288144,0.9926685061319522,0.6013259031810492,0.3801867571928992
368.0,0.7998576457741812,0.991537620961076,0.6040619162124489,0.38026394504076627
368.5,0.7945934036592343,0.9903115734395732,0.6068423097457882,0.38033687387668824
369.0,0.789244457257127,0.9889877556557144,0.6096670091740192,0.3804054549628693
369.5,0.783808833518927,0.9875635790314169,0.6125359087289518,0.38046960207182845
370.0,0.7782845709807731,0.9860364785354793,0.6154488711341749,0.38052923180436904
370.5,0.7726697303349985,0.9844039169976037,0.6184057272790091,0.3805842639223656
371.0,0.7669624054498848,0.982663389519795,0.6214062759142094,0.38063462169628276
371.5,0.7611607348186286,0.9808124279812203,0.6244502833701243,0.3806802322672474
372.0,0.7552629134138902,0.9788486056320512,0.6275374832979749,0.3807210270233997
372.5,0.7492672049198379,0.9767695417713006,0.6306675764349119,0.3807569419901371
373.0,0.74317195430905,0.9745729065030699,0.6338402303934734,0.38078791823376085
373.5,0.7369756007269052,0.9722564255650921,0.6370550794760415,0.3808139022779152
374.0,0.7306766906413144,0.9698178852228565,0.6403117245148681,0.3808348465320952
374.5,0.7242738912107467,0.9672551372220372,0.6436097327382145,0.38085070973137436
375.0,0.7177660038186013,0.9645661037913594,0.6469486376631123,0.380861457386379
375.5,0.7111519777170874,0.9617487826874483,0.6503279390152292,0.38086706224241496
376.0,0.7044309237189029,0.9588012522726361,0.6537471026762864,0.38086750474652037
376.5,0.6976021278702748,0.9557216766161016,0.6572055606594466,0.3808627735210973
377.0,0.6906650650343045,0.9525083106081599,0.6607027111130489,0.3808528658426484
377.5,0.6836194123091688,0.9491595050769458,0.6642379183530406,0.38083778812402336
378.0,0.676465062201587,0.9456737118961667,0.6678105129244203,0.38081755639846177
378.5,0.6692021354721334,0.9420494890720866,0.6714197916919608,0.38079219680360427
379.0,0.6618309935655502,0.9382855057973388,0.6750650179604539,0.3807617460635375
379.5,0.6543522505361932,0.9343805474587025,0.678745421624682,0.380726251966834
380.0,0.646766784376256,0.9303335205854485,0.68246019934927,0.3806857738384574
380.5,0.6390757476524993,0.9261434577244475,0.6862085147785498,0.38064038300331554
381.0,0.6312805773558854,0.9218095222277753,0.6899894987765224,0.3805901632391707
381.5,0.6233830038679502,0.9173310129381653,0.69380224969696,0.38053521121655215
382.0,0.6153850589478584,0.91270736875731,0.6976458336836562,0.3804756369232604
382.5,0.6072890826450469,0.9079381730816756,0.7015192850007986,0.38041156407101634
383.0,0.5990977290441752,0.9030231580902374,0.7054216063933801,0.38034313048177776
383.5,0.5908139707517894,0.8979622088683081,0.7093517694775466,0.38027048845123557
384.0,0.5824411020377771,0.8927553673514381,0.7133087151607218,0.38019380508700024
384.5,0.5739827405492857,0.8874028360732773,0.7172913540913247,0.3801132626190081
385.0,0.5654428275204049,0.8819049817011668,0.721298567137842,0.380029058679707
385.5,0.5568256264075279,0.8762623383432797,0.7253292058969865,0.37994140655162817
386.0,0.5481357198879238,0.8704756106111191,0.7293820932306346,0.37985053538001345
386.5,0.5393780051677032,0.8645456764213564,0.7334560238311907,0.37975669034824694
387.0,0.5305576875549419,0.8584735895211392,0.73754976481499,0.37966013281393185
387.5,0.5216802722642899,0.8522605817212618,0.7416620563433227,0.3795611404035648
388.0,0.5127515544308339,0.8459080648219451,0.7457916122706069,0.3794600070638829
388.5,0.5037776073232539,0.8394176322163233,0.7499371208192156,0.3793570430680967
389.0,0.49476476875935554,0.8327910601572751,0.7540972452804272,0.37925257497537723
389.5,0.4857196257407523,0.8260303086737291,0.7582706247409186,0.3791469455421292
390.0,0.4766489973377332,0.8191375221232594,0.7624558748342024,0.3790405135837602
390.5,0.4675599158700445,0.812115029368467,0.7666515885163696,0.3789336537858467
391.0,0.4584596064443419,0.8049653435654329,0.7708563368654592,0.37882675646379693
391.5,0.4493554649242278,0.797691161553429,0.7750686699037586,0.3787202272703185
392.0,0.44025503442398906,0.7902953628359664,0.7792871174422886,0.3786144868502181
392.5,0.4311659804321884,0.7827810081443514,0.7835101899467242,0.378509970442282
393.0,0.4220960646859662,0.7751513375759449,0.7877363794239381,0.37840712742821836
393.5,0.41305311793113403,0.7674097683005617,0.791964160328358,0.37830642082887395
394.0,0.40404501171667545,0.7595598918296462,0.7961919904872872,0.3782083267481725
394.5,0.3950796293849088,0.7516054708441718,0.8004183120443089,0.3781133337654651
395.0,0.38616483643022514,0.7435504355786307,0.8046415524198823,0.3780219422772144
395.5,0.37730845040967503,0.735398879759845,0.8088601252882087,0.37793466378917256
396.0,0.36851821059771517,0.727155056100895,0.8130724315694229,0.37785202016044755
396.5,0.3598017475848484,0.7188233713519523,0.8172768604361477,0.37777454280107564
397.0,0.351166553025656,0.7104083809113941,0.821471790333436,0.3777027718249466
397.5,0.3426199497456355,0.7019147830022504,0.825655590011095,0.37763725516013824
398.0,0.33416906241820915,0.6933474124206123,0.8298266195673792,0.37757854761892495
398.5,0.3258207890232155,0.6847112338644049,0.8339832315030321,0.37752720992992433
399.0,0.3175817732959901,0.6760113348525423,0.8381237717846207,0.37748380773502893
399.5,0.309458378371804,0.6672529182462695,0.8422465809161227,0.3774489105539456
400.0,0.3014566618239177,0.6584412943861689,0.8463499950176948,0.37742309071932645
400.5,0.2935823522848086,0.6495818728600101,0.8504323469105568,0.3774069222856232
401.0,0.28584082782935044,0.6406801539183732,0.8544919672069069,0.3774009799149272
401.5,0.2782370962858509,0.6317417195565602,0.8585271854037877,0.3774058377431782
402.0,0.27077577762605554,0.6227722242830434,0.8625363309798184,0.3774220682302236
402.5,0.263461088568613,0.6137773855961964,0.8665177344936955,0.37745024099729574
403.0,0.2562968295122025,0.6047629741926885,0.8704697286833749,0.3774909216555453
403.5,0.24928637389479957,0.5957348039323458,0.87439064956485,0.3775446706293147
404.0,0.24243266005453185,0.5866987215857011,0.8782788375294287,0.3776120419778757
404.5,0.23573818564556917,0.5776605963918372,0.8821326384384278,0.3776935822193684
405.0,0.22920500463970134,0.5686263094552908,0.8859504047142138,0.3777898291606774
405.5,0.22283472692097056,0.5596017430120213,0.8897304964265034,0.3779013107369673
406.0,0.2166285204572536,0.5505927695954007,0.8934712823728684,0.37802854386456264
406.5,0.21058711600926577,0.5416052411341894,0.8971711411523907,0.37817203331080507
407.0,0.2047108143144456,0.5326449780152083,0.900828462231416,0.3783322705844595
407.5,0.19899949566080904,0.5237177581441027,0.9044416470003804,0.378509732850153
408.0,0.19345263174447896,0.5148293060381788,0.9080091098206895,0.3787048818702372
408.5,0.18806929968441397,0.5059852819856036,0.9115292790606462,0.378918162977354
409.0,0.1828481980492046,0.4971912713056025,0.9150005981194408,0.3791500040808563
409.5,0.1777876647338564,0.4884527737443161,0.9184215264382312,0.3794008147101072
410.0,0.17288569650949215,0.47977519304094,0.9217905404973679,0.3796709850975229
410.5,0.16813997005606277,0.4711638266985777,0.9251061347988241,0.3799608853040753
411.0,0.16354786427758136,0.46262385599380224,0.9283668228329275,0.38027086438979546
411.5,0.15910648369124802,0.45416033625844954,0.9315711380285037,0.38060124963164743
412.0,0.1548126826761852,0.4457781874663878,0.9347176346855636,0.38095234579095116
412.5,0.15066309036437578,0.4374821851572051,0.937804888889696,0.3813244344323499
413.0,0.14665413595584756,0.4292769517276979,0.9408314994073527,0.3817177732961152
413.5,0.14278207424208897,0.42116694812084543,0.9437960885612278,0.3821325957253842
414.0,0.13904301112608586,0.4131564659406786,0.9466973030849769,0.3825691101497211
414.5,0.1354329289341135,0.4052496200198815,0.9495338149565378,0.3830274996261833
415.0,0.13194771132335492,0.3974503414654263,0.9523043222093434,0.38350792143887097
415.5,0.12858316760039726,0.38976237120570073,0.9550075497207553,0.38401050675772863
416.0,0.1253350562784494,0.38218925406075777,0.957642249977063,0.384535360357156
416.5,0.12219910771553168,0.37473433335527795,0.9602072038144408,0.38508256039478733
417.0,0.11917104569165013,0.3674007460917104,0.9627012211352687,0.38565215825058835
417.5,0.11624660779982596,0.3601914186988848,0.9651231415992655,0.38624417842622516
418.0,0.11342156454354702,0.35310906336902353,0.9674718352889171,0.38685861850446013
418.5,0.11069173705144507,0.34615617499377005,0.9697462033487013,0.3874954491681433
419.0,0.1080530133385318,0.3393350287073489,0.9719451785976593,0.3881546142781804
419.5,0.10550136306185508,0.33264767804253803,0.9740677261148902,0.38883603100968034
420.0,0.10303285073671375,0.3260959537025725,0.9761128437975741,0.38953959004531674
420.5,0.10064364739735765,0.3196814629495635,0.9780795628911708,0.3902651558247701
421.0,0.09833004070313965,0.3134055896074831,0.9799669484914735,0.3910125668489657
421.5,0.0960884435072145,0.3072694946751846,0.981774100018224,0.3917816360376706
422.0,0.09391540091986501,0.3012741175424442,0.9835001516600382,0.3925721511388824
422.5,0.09180759591227336,0.29542017779949925,0.985144272790422,0.39338387518830287
423.0,0.08976185351886395,0.28970817762812073,0.9867056683546886,0.39421654701707953
423.5,0.08777514370717458,0.2841384047599195,0.9881835792276268,0.3950698818058861
424.0,0.0858445829934617,0.2787109359852476,0.9895772825417986,0.3959435716833029
424.5,0.08396743488989108,0.27342564119390633,0.9908860919863851,0.3968372863663879
425.0,0.08214110927520321,0.2682821879267353,0.9921093580765243,0.3977506738412286
425.5,0.08036316078516935,0.26328004641521446,0.9932464683931231,0.3986833610812067
426.0,0.0786312863220378,0.25841849508434167,0.9942968477931583,0.3996349548006457
426.5,0.07694332178356467,0.25369662649233826,0.9952599585905121,0.40060504224145416
427.0,0.07529723811221338,0.24911335367919182,0.9961353007074166,0.4015931919903469
427.5,0.07369113676381456,0.2446674168946081,0.9969224117966233,0.40259895482418934
428.0,0.07212324469249874,0.24035739067473866,0.9976208673344307,0.4036218645809833
428.5,0.07059190894519884,0.2361816912359393,0.9982302806847457,0.4046614390540116
429.0,0.06909559095460008,0.2321385841529548,0.998750303134377,0.4057171809066466
429.5,0.06763286061422401,0.22822619228818183,0.9991806238997901,0.40678857860532613
430.0,0.06620239021354084,0.2244425039381305,0.9995209701055846,0.40787510736823024
430.5,0.06480294830472101,0.22078538116286728,0.9997711067349775,0.40897623012719553
431.0,0.06343339356602852,0.21725256826402525,0.9999308365526073,0.41009139850043574
431.5,0.0620926687200475,0.213841700377007,1.0,0.4112200537736788
432.0,0.06077979455803379,0.21055031214317246,0.999978475064061,0.41236162788736397
432.5,0.05949386411483642,0.20737584642818996,0.9998661771189858,0.4135155444275849
433.0,0.05823403703210337,0.20431566305325674,0.9996630587420032,0.41468121961853954
433.5,0.05699953414099967,0.20136704750659554,0.9993691095033903,0.4158580633142749
434.0,0.055789632289475755,0.19852721960351125,0.9989843557312198,0.4170454799876038
434.5,0.05460365943329821,0.19579334206427987,0.998508860251323,0.41824286971412705
435.0,0.05344099000465759,0.19316252898031702,0.9979427221029719,0.4194496291493628
435.5,0.052301040567212985,0.19063185414034345,0.9972860762308017,0.42066515249706804
436.0,0.05118326576196506,0.18819835918967004,0.9965390931535183,0.42188883246691605
436.5,0.05008715454437523,0.18585906159725166,0.995701978609951,0.42312006121976076
437.0,0.04901222670966511,0.18361096240675143,0.9947749731830244,0.42435823129882305
437.5,0.047958029700246936,0.181451053749576,0.9937583519022479,0.4256027365452033
438.0,0.04692413568671834,0.1793763260995931,0.9926524238253263,0.42685297299621827
438.5,0.04591013891180079,0.177383775251088,0.9914575315995177,0.4281083397651477
439.0,0.04491565328496945,0.17547040900338576,0.9901740510033727,0.4293682399010648
439.5,0.0439403102142932,0.17363325353747433,0.9888023904695049,0.43063208122751656
440.0,0.042983756661133216,0.17186935947190646,0.9873429905890481,0.4318992771589037
440.5,0.042045653402805826,0.1701758075871845,0.9857963235984762,0.4331692474935062
441.0,0.04112567348806505,0.16854971420978096,0.9841628928494582,0.4344414191821825
441.5,0.04022350087025508,0.16698823624885586,0.98244323226244,0.4357152270718721
442.0,0.03933882920320122,0.16548857588063037,0.9806379057646469,0.43699011462309545
442.5,0.03847136078529591,0.1640479848772239,0.9787475067132053,0.43826553460075846
443.0,0.03762080563777906,0.16266376857856057,0.9767726573040953,0.4395409497376327
443.5,0.03678688070386183,0.16133328950769937,0.9747140079676402,0.4408158333699733
444.0,0.035969309156081236,0.16005397063160498,0.9725722367512489,0.4420896700448201
444.5,0.03516781980007446,0.1588232982709801,0.9703480486901335,0.44336195609860096
445.0,0.03438214656379201,0.1576388246642834,0.9680421751667122,0.4446322002067386
445.5,0.0336120280620239,0.15649817019247844,0.9656553732594261,0.4458999239040319
446.0,0.032857207226963704,0.15539902527238333,0.9631884250816851,0.4471646620756551
446.5,0.032117430996371765,0.15433915192770428,0.9606421371116625,0.4484259634186966
447.0,0.031392450051712976,0.15331638504795858,0.9580173395136574,0.4496833908742092
447.5,0.03068201859941863,0.15232863334649155,0.9553148854517379,0.45093652202982387
448.0,0.029985894189158098,0.1513738800296932,0.9525356503963776,0.45218494949303006
448.5,0.02930383756369538,0.15045018319030246,0.9496805314247911,0.4534282812352927
449.0,0.028635612535541814,0.14955567593835797,0.946750446515673,0.45466614090721813
449.5,0.027980985886207285,0.14868856628392224,0.9437463338390346,0.4558981681250488
450.0,0.027339727284386387,0.14784713678615202,0.9406691510418317,0.4571240187288047
450.5,0.026711609219901223,0.1470297439836394,0.9375198745300588,0.45834336501244344
451.0,0.02609640695066101,0.14623481762118531,0.9342994987479957,0.45955589592645185
451.5,0.02549389846028542,0.145460859688312,0.9310090354552639,0.4607613172533175
452.0,0.02490386442438645,0.1447064432848633,0.927649513002355,0.46195935175637937
452.5,0.024326088183806518,0.14397021132899593,0.9242219756052757,0.463149739302577
453.0,0.023760355723375905,0.1432508751227326,0.9207274826199499,0.46433223695965753
453.5,0.023206455654987062,0.14254721279003146,0.917167107817001,0.46550661906843643
454.0,0.022664179203979503,0.14185806760204175,0.9135419386575309,0.4666726772907121
454.5,0.02213332019800558,0.14118234620385328,0.9098530755704982,0.46783022063348595
455.0,0.021613675057691538,0.1405190167566309,0.906101631232286,0.46897907545014406
455.5,0.021105042788534378,0.13986710700854835,0.9022887298490365,0.47011908541927167
456.0,0.020607224973580383,0.13922570230741035,0.8984155064423172,0.4712501115018098
456.5,0.020120025766521374,0.13859394356728447,0.8944831061386671,0.47237203187725413
457.0,0.019643251884916963,0.13797102520086083,0.8904926834635607,0.4734847418596184
457.5,0.01917671260331401,0.13735619302862231,0.8864454016403108,0.4745881537938972
458.0,0.01872021974608587,0.1367487421752526,0.882342431894418,0.47568219693377006
458.5,0.018273587679854132,0.13614801496303278,0.8781849527638537,0.4767668173012768
459.0,0.017836633305392226,0.13555339881129114,0.8739741494157608,0.47784197752923496
459.5,0.017409176048936013,0.13496432415027818,0.8697112129700265,0.4789076566871292
460.0,0.016991037852849788,0.13438026235714493,0.8653973398301691,0.4799638500912368
460.5,0.016582043165614534,0.1338007237210121,0.8610337310219768,0.48101056909973167
461.0,0.016182018931118355,0.13322525544343744,0.8566215915403034,0.4820478408935169
461.5,0.015790794577241765,0.13265343967991752,0.8521621297044155,0.4830757082435218
462.0,0.015408202003738372,0.13208489162741055,0.847656556522277,0.4840942292652091
462.5,0.015034075569418822,0.13151925766223047,0.8431060850641258,0.48510347716101054
463.0,0.014668252078651037,0.13095621353205522,0.8385119298456953,0.4861035399514188
463.5,0.01431057076719343,0.130395462605205,0.8338753062214023,0.48709452019544625
464.0,0.013960873287382136,0.12983673417978933,0.8291974297878204,0.48807653470114365
464.5,0.013619003692693138,0.12927978185479352,0.8244795157977289,0.48904971422688287
465.0,0.013284808421703945,0.12872438196467645,0.8197227785850201,0.4900142031740635
465.5,0.012958136281479318,0.12817033207858652,0.8149284310007217,0.4909701592719237
466.0,0.012638838430405907,0.1276174495648665,0.8100976838603836,0.49191775325509424
466.5,0.012326768360502153,0.12706557022112083,0.8052317454030541,0.4928571685345387
467.0,0.012021781879228852,0.1265145469697469,0.8003318207620593,0.49378860086249454
467.5,0.011723737090825876,0.12596424861849875,0.7953991114477811,0.494712257992031
468.0,0.011432494377201055,0.1254145586853491,0.7904348148426097,0.49562835933180227
468.5,0.011147916378395214,0.1248653742866423,0.7854401237082399,0.4965371355965775
469.0,0.010869867972649303,0.12431660508729317,0.7804162257054483,0.49743882845410264
469.5,0.010598216256096978,0.12376817231157432,0.7753643029264949,0.4983336901688334
470.0,0.01033283052210652,0.1232200078128528,0.7702855314402506,0.49922198324306216
470.5,0.010073582240295498,0.12267205320048455,0.7651810808501637,0.5001039800559467
471.0,0.00982034503524023,0.122124259021944,0.7600521138651413,0.5009799625009295
471.5,0.009572994664902603,0.12157658399816386,0.7548997858834218,0.5018502216220169
472.0,0.009331408998795565,0.1210289943099786,0.7497252445894896,0.502715057249372
472.5,0.00909546799590802,0.12048146293350502,0.7445296295640759,0.5035747776346609
473.0,0.008865053682409365,0.11993396902225341,0.73931407190727,0.5044296990865664
473.5,0.008640050129153743,0.11938649733374103,0.7340796938747595,0.5052801456068755
474.0,0.008420343429002846,0.11883903769837195,0.7288276085271923,0.5061264485275201
474.5,0.008205821673985874,0.11829158452835963,0.7235589193926553,0.5069689461489473
475.0,0.007996374932314984,0.11774413636448729,0.7182747201422355,0.5078079833801543
475.5,0.007791895225272982,0.1171966954585375,0.7129760942786318,0.508643911380744
476.0,0.0075922765039910045,0.11664926738926515,0.7076641148377619,0.5094770872052925
476.5,0.007397414626132105,0.11610186070984146,0.7023398441033055,0.5103078734503536
477.0,0.007207207332496442,0.1155544866247575,0.6970043333341086,0.5111366379043712
477.5,0.007021554223564013,0.1150071586942409,0.691658622504362,0.5119637532007721
478.0,0.0068403567359887115,0.11445989256431376,0.6863037400564642,0.5127895964744992
478.5,0.0066635181190592314,0.1139127057206918,0.6809407026664549,0.5136145490222129
479.0,0.006490943411139569,0.11336561726480769,0.6755705150219112,0.5144389959663969
479.5,0.0063225394161029805,0.11281864771031898,0.6701941696121737,0.5152633259235695
480.0,0.0061582146797721175,0.1122718187985444,0.6648126465307753,0.5160879306768034
480.5,0.005997879466377615,0.11172515333135524,0.6594269132899216,0.5169132048527263
481.0,0.00584144573504695,0.11117867502012885,0.6540379246468815,0.5177395456031841
481.5,0.005688827116335392,0.11063240834945574,0.6486466224421148,0.5185673522917059
482.0,0.0055399388888094795,0.11008637845436926,0.6432539354489833,0.5193970261849296
482.5,0.005394697955694135,0.10954061100994526,0.6378607792348595,0.5202289701491096
483.0,0.005253022821593011,0.10899513213219883,0.6324680560334583,0.5210635883518235
483.5,0.005114833569292239,0.10844996828927428,0.6270766546282022,0.5219012859689912
484.0,0.004980051836656719,0.107905146221999,0.6216874502464247,0.5227424688972989
484.5,0.004848600793627626,0.10736069287293862,0.6163013044642139,0.5235875434721092
485.0,0.004720405119330251,0.1068166353231564,0.6109190651216878,0.5244369161909368
485.5,0.004595390979299428,0.10627300073594188,0.6055415662485003,0.5252909934425537
486.0,0.004473486002831255,0.10572981630683254,0.6001696279993488,0.5261501812417708
486.5,0.004354619260467802,0.10518710921930635,0.5948040565992806,0.5270148849699511
487.0,0.0042387212416222075,0.10464490660557879,0.5894456442985624,0.5278855091212816
487.5,0.00412572383235081,0.10410323551198257,0.5840951693368974,0.5287624570548338
488.0,0.004015560293278455,0.10356212286845733,0.5787533959167535,0.5296461307524348
488.5,0.003908165237683406,0.10302159546171784,0.5734210741855731,0.5305369305823504
489.0,0.0038034746097472083,0.10248167991170956,0.5680989402266314,0.531435255068792
489.5,0.0037014256629751704,0.10194240265099622,0.5627877160583055,0.5323415006672383
490.0,0.003601956938792267,0.10140378990675993,0.5574881096415165,0.5332560615455565
490.5,0.00350500824531965,0.10086586768512383,0.5522008148951063,0.5341793293709117
491.0,0.0034105206363358427,0.10032866175753655,0.546926511718905,0.5351116931024309
491.5,0.0033184363904272957,0.0997921976489855,0.5416658660242522,0.5360535387895957
492.0,0.003228698990331917,0.09925650062782844,0.5364195297717247,0.5370052493763253
492.5,0.0031412531024793628,0.09872159569705573,0.5311881410158347,0.5379672045107029
493.0,0.00305604455673169,0.0981875075868152,0.5259723239564505,0.538939780360299
493.5,0.0029730203263273625,0.09765426074805092,0.5207726889967034,0.5399233494330427
494.0,0.0028921285080316383,0.0971218793471218,0.5155898328071337,0.5409182804035709
494.5,0.0028133183024961527,0.09659038726128286,0.5104243383958411,0.5419249379450052
495.0,0.0027365399948299017,0.0960598080749234,0.5052767751844001,0.5429436825660803
495.5,0.0026617449353842928,0.09553016507647019,0.5001476990892961,0.5439748704535533
496.0,0.0025888855207539837,0.09500148125587386,0.49503765260865545,0.5450188533198227
496.5,0.0025179151749955405,0.09447377930260557,0.4899471649140288,0.5460759782556724
497.0,0.002448788331065537,0.09394708160410142,0.4848767519470005,0.5471465875880624
497.5,0.002381460412479463,0.09342141024459782,0.47982691652038933,0.5482310187428779
498.0,0.0023158878151929036,0.09289678700430995,0.47479814842381696,0.5493296041125478
498.5,0.002252027889705883,0.09237323335890986,0.46979092453341936,0.5504426709284442
499.0,0.002189838923391432,0.09185077047926642,0.46480570892547823,0.5515705411379624
499.5,0.002129280123049117,0.09132941923141526,0.4598429529937533,0.5527135312861924
500.0,0.002070311597684019,0.09080920017672992,0.45490309557030484,0.5538719524020763
500.5,0.0020128943415117606,0.0902901335722689,0.44998656304958823,0.5550461098889552
501.0,0.0019569902171897445,0.08977223937127785,0.44509376951561375,0.5562363034194001
501.5,0.0019025619392748511,0.08925553722382748,0.44022511687197485,0.5574428268342239
502.0,0.001849573057907488,0.08874004647757158,0.4353809949745283,0.5586659680455653
502.5,0.0017979879427219823,0.08822578617861059,0.43056178176654336,0.5599060089439442
503.0,0.0017477717669829942,0.0877127750724491,0.42576784341612384,0.5611632253091698
503.5,0.0016988904919475857,0.0872010316050358,0.42099953445570687,0.5624378867250003
504.0,0.0016513108514525274,0.08669057392387805,0.41625719792346355,0.5637302564974404
504.5,0.0016050003367260833,0.08618141987922225,0.4115411655064158,0.5650405915765616
505.0,0.0015599271814237341,0.08567358702529357,0.40685175768509346,0.5663691424817395
505.5,0.0015160603468869515,0.08516709262158902,0.4021892838795656,0.5677161532301899
506.0,0.0014733695076240639,0.08466195363421923,0.39755404259666943,0.5690818612686952
506.5,0.001431825037012328,0.08415818673729353,0.39294632157828807,0.570466497408401
507.0,0.0013913979932199797,0.08365580831434598,0.3883663979505065,0.5718702857625798
507.5,0.0013520601053471908,0.0831548344597972,0.38381453837350143,0.5732934436872349
508.0,0.0013137837597846412,0.08265528098045108,0.3792909991920145,0.5747361817244422
508.5,0.0012765419867883205,0.08215716339702216,0.37479602658626465,0.5761987035483127
509.0,0.0012403084472692608,0.08166049694569262,0.3703298567231618,0.5776812059134595
509.5,0.001205057419796566,0.08116529657969607,0.3658927159076909,0.5791838786058603
510.0,0.0011707637878123685,0.0806715769709273,0.3614848207343326,0.5807069043960057
510.5,0.0011374030270569831,0.08017935251157536,0.3571063782383977,0.5822504589942112
511.0,0.0011049511932026371,0.07968863731578021,0.35275758604716306,0.583814711007996
511.5,0.0010733849096940865,0.07919944522130921,0.3484386325306823,0.5853998219014087
512.0,0.0010426813557942753,0.07871178979125534,0.34414969695216985,0.5870059459561937
512.5,0.0010128182548333133,0.07822568431575364,0.33989094961785565,0.5886332302346917
513.0,0.000983773862658842,0.07774114181371648,0.3356625520262008,0.5902818145443645
513.5,0.0009555269562858987,0.07725817503458574,0.33146465701638733,0.5919518314038402
514.0,0.0009280568227443866,0.07677679646010203,0.32729740891598647,0.5936434060103731
514.5,0.0009013432481220475,0.07629701830608952,0.32316094368772147,0.5953566562086154
515.0,0.0008753665068010859,0.07581885252425578,0.31905538907524167,0.5970916924605992
515.5,0.0008501073508862518,0.07534231080400666,0.3149808647478304,0.5988486178168293
516.0,0.0008255469998224181,0.07486740457427404,0.3109374824439771,0.6006275278883826
516.5,0.0008016671301994896,0.07439414500535757,0.3069253461137408,0.6024285108199247
517.0,0.0007784498657425173,0.0739225430107788,0.30294455205984067,0.6042516472635453
517.5,0.0007558777674849376,0.07345260924914714,0.29899518907742295,0.6060970103533142
518.0,0.0007339338241227077,0.07298435412603756,0.2950773385924323,0.6079646656804752
518.5,0.0007126014425471662,0.07251778779587915,0.29119107479855055,0.6098546712691797
519.0,0.0006918644385544808,0.07205292016385396,0.28733646479264946,0.6117670775526763
519.5,0.0006717070277293767,0.07158976088780615,0.2835135687087115,0.6137019273498722
520.0,0.0006521138165010285,0.07112831938015993,0.279722439850182,0.6156592558421794
520.5,0.0006330697933688112,0.07066860480984694,0.27596312482071805,0.6176390905505675
521.0,0.0006145603202957305,0.07021062610424195,0.2722356636532955,0.6196414513127421
521.5,0.0005965711242672338,0.06975439195110626,0.26854008993765016,0.6216663502603743
522.0,0.0005790882890132217,0.06929991080053916,0.26487643094602914,0.6237137917963048
522.5,0.0005620982468909553,0.06884719086693568,0.26124470775722447,0.6257837725716541
523.0,0.0005455877709266523,0.06839624013095165,0.2576449353788737,0.627876281462767
523.5,0.0005295439670135123,0.06794706634147464,0.25407712286801365,0.629991299547928
524.0,0.0005139542662638925,0.06749967701760025,0.2505412734498704,0.6321288000837796
524.5,0.0004988064175134582,0.06705407945061444,0.24703738463487998,0.634288748481389
525.0,0.00048408847997501604,0.06661028070598012,0.24356544833392946,0.6364711022818981
525.5,0.00046978881603980735,0.06616828762532856,0.24012545097181848,0.6386758111317051
526.0,0.00045589608422407917,0.06572810682845462,0.23671737359893721,0.6409028167571283
526.5,0.0004423992322586332,0.06528974471531575,0.23334119200116063,0.6431520529384969
527.0,0.0004292874903192453,0.06485320746803426,0.22999687680797032,0.645423445483626
527.5,0.00041655036439566833,0.06441850105290234,0.22668439359879902,0.6477169122006309
528.0,0.00040417762979710333,0.06398563122238994,0.22340370300761347,0.6500323628700444
528.5,0.0003921593247919107,0.06355460351715393,0.22015476082574872,0.6523696992161943
529.0,0.000380485744379432,0.06312542326805004,0.21693751810299736,0.654728814877812
529.5,0.00036914743419176523,0.06269809559814526,0.2137519212469741,0.6571095953778401
530.0,0.00035813518452336256,0.062272625424731935,0.21059791212077483,0.6595119180924137
530.5,0.0003474400244863262,0.061849017461341985,0.20747542813894082,0.661935652218986
531.0,0.00033705321628930995,0.061427276219761816,0.20438440236175168,0.6643806587435879
531.5,0.00032696624963793265,0.06100740601204684,0.20132476358787252,0.6668467904071929
532.0,0.00031717083625463696,0.060589410952536255,0.198296436445369,0.669333891671187
532.5,0.0003076589045159493,0.06017329495986602,0.19529934148112194,0.6718417986819191
533.0,0.0002984225942050977,0.05975906175898194,0.19233339524866244,0.6743703392343428
533.5,0.0002894542513779899,0.059346714883150825,0.18939851039445868,0.6769193327347266
534.0,0.00028074642334052964,0.05893625767596994,0.18649459574267488,0.6794885901624558
534.5,0.000272291853735328,0.05852769329337471,0.18362155637843627,0.6820779140309113
535.0,0.00026408347773583594,0.058121024705644085,0.18077929372963022,0.6846870983474481
535.5,0.00025611441734596545,0.05771625469940309,0.17796770564726883,0.6873159285724745
536.0,0.00024837797680329654,0.05731338587962318,0.17518668648444577,0.6899641815776597
536.5,0.00024086763808395427,0.056912420671618336,0.17243612717392348,0.6926316256032755
537.0,0.000233577056507315,0.0565133613230389,0.16971591530437435,0.6953180202147083
537.5,0.0002265000564386671,0.056116209905860755,0.16702593519531395,0.6980231162581637
538.0,0.00021963062708801607,0.0557209683183712,0.16436606797076,0.7007466558155915
538.5,0.00021296291840320909,0.055327638287150295,0.16173619163164515,0.703488372158874
539.0,0.0002064912370556163,0.054936221369047494,0.15913618112701977,0.7062479897033079
539.5,0.00020021004251659537,0.05454671895315394,0.15656590842408086,0.70902522396043
540.0,0.00019411394322299815,0.054159132262769374,0.15402524257705527,0.7118197814902305
540.5,0.00018819769283002173,0.05377346235736425,0.15151404979497268,0.7146313598528019
541.0,0.00018245618654967773,0.05338971013453559,0.14903219350836625,0.7174596475594851
541.5,0.00017688445757325124,0.053007876331957915,0.14657953443492625,0.7203043240235649
542.0,0.00017147767357606148,0.05262796152932779,0.14415593064414714,0.7231650595105779
542.5,0.00016623113330292943,0.052249966150302196,0.14176123762099538,0.7260415150883043
543.0,0.00016114026323273803,0.05187389046443066,0.1393953083286366,0.7289333425765083
543.5,0.00015620061432050284,0.05149973458908065,0.13705799327024765,0.7318401844965063
544.0,0.00015140785881540372,0.05112749849135611,0.1347491405499502,0.7347616740206343
544.5,0.0001467577871532479,0.05075718199000922,0.13246859593289684,0.7376974349217061
545.0,0.00014224630492184573,0.0503887847573444,0.1302162029045383,0.7406470815225368
545.5,0.00013786942989781696,0.050022306321115546,0.12799180272910332,0.7436102186456327
546.0,0.00013362328915335879,0.04965774606641505,0.12579523450732355,0.7465864415631334
546.5,0.00012950411623154656,0.04929510323755545,0.12362633523342802,0.7495753359471058
547.0,0.00012550824838872913,0.04893437693994293,0.12148493985143763,0.7525764778202929
547.5,0.000121632123902637,0.0485755661419425,0.11937088131079095,0.7555894335074202
548.0,0.00011787227944482557,0.048218669676735194,0.11728399062132294,0.7586137595871676
548.5,0.00011422534751609615,0.0478636862441665,0.11522409690762483,0.761649002844922
549.0,0.00011068805394357126,0.0475106144125861,0.11319102746281451,0.7646947002264248
549.5,0.00010725721543811467,0.04715945262067905,0.11118460780173563,0.7677503787924334
550.0,0.00010392973721080863,0.04681019917928769,0.10920466171361456,0.7708155556745193
550.5,0.00010070261064722652,0.04646285227322464,0.10725101131419545,0.773889738032133
551.0,9.757291103825446e-05,0.0461174099630764,0.10532347709737805,0.7769724230110578
551.5,9.453779536624364e-05,0.04577387018699751,0.1034218779863771,0.7800630977033949
552.0,9.159450014529533e-05,0.045432230762495376,0.10154603138442428,0.7831612391092089
552.5,8.87403393144923e-05,0.04509248938820505,0.09969575322503474,0.7862663140999775
553.0,8.597270218292565e-05,0.044754643645654735,0.09787085802185284,0.7893777793839873
553.5,8.328905142537219e-05,0.04441869100102053,0.09607115891809742,0.7924950814738181
554.0,8.068692112751329e-05,0.04408462880687192,0.09429646773562372,0.7956176566560705
554.5,7.816391487958949e-05,0.0437524543039068,0.09254659502361529,0.7987449309634831
555.0,7.57177039174228e-05,0.043422164622675875,0.09082135010692195,0.8018763201495974
555.5,7.334602530973689e-05,0.04309375678529727,0.0891205411340603,0.8050112296661223
556.0,7.104668019075151e-05,0.042767227707160134,0.08744397512488473,0.8081490546431666
556.5,6.881753203702307e-05,0.042442574198617695,0.08579145801794387,0.8112891798724894
557.0,6.665650498753296e-05,0.04211979296667015,0.08416279471753517,0.8144309797939439
557.5,6.456158220604883e-05,0.04179888061663576,0.08255778914046459,0.8175738184852754
558.0,6.253080428478962e-05,0.041479833653811964,0.08097624426252042,0.8207170496554426
558.5,6.0562267688455495e-05,0.04116264848512508,0.07941796216467442,0.8238600166416329
559.0,5.865412323769711e-05,0.040847321420768974,0.07788274407901201,0.8270020524101477
559.5,5.680457463111606e-05,0.04053384867583256,0.07637039043440036,0.8301424795613233
560.0,5.50118770049069e-05,0.04022222637191629,0.07488070090190033,0.8332806103386741
560.5,5.327433552926754e-05,0.03991245053873703,0.07341347443992864,0.8364157466424242
561.0,5.1590304040728716e-05,0.03960451711572188,0.07196850933916932,0.8395471800476153
561.5,4.995818370955651e-05,0.039298421953590214,0.07054560326724213,0.8426741918269613
562.0,4.837642174141376e-05,0.03899416081592444,0.06914455331312995,0.8457960529786395
562.5,4.6843510112474056e-05,0.038691729380729255,0.06776515603136299,0.848912024259186
563.0,4.5357984337196686e-05,0.038391123241979144,0.06640720748596454,0.8520213562216917
563.5,4.3918422267996566e-05,0.03809233791115418,0.06507050329415708,0.8551232892594709
564.0,4.252344292604831e-05,0.037795368818764136,0.06375483866982681,0.8582170536553855
564.5,4.117170536248392e-05,0.037500211315860975,0.06246000846674626,0.8613018696370116
565.0,3.98619075492634e-05,0.037206860675539265,0.06118580722155317,0.8643769474378226
565.5,3.859278529900065e-05,0.03691531209442497,0.05993202919648262,0.8674414873645777
566.0,3.7363111213055856e-05,0.03662556069415202,0.058698468421846596,0.8704946798710917
566.5,3.617169365720996e-05,0.03633760152282727,0.05748491873826272,0.8735357056385673
567.0,3.5017375764256056e-05,0.036051429556483404,0.05629117383862089,0.8765637356626665
567.5,3.3899034462855836e-05,0.03576703970051959,0.05511702730978674,0.8795779313475048
568.0,3.281557953202043e-05,0.03548442679113047,0.05396227267403599,0.8825774446067333
568.5,3.176595268059532e-05,0.0352035855967228,0.052826703430211994,0.885561417971893
569.0,3.0749126651133245e-05,0.03492451081932006,0.05171011309460026,0.8885289847082078
569.5,2.9764104347561287e-05,0.03464719709595524,0.05061229524151339,0.8914792689379873
570.0,2.880991798605507e-05,0.03437163900005094,0.049533043543579264,0.8944113857718047
570.5,2.788562826854738e-05,0.03409783104278787,0.04847215181172331,0.8973244414476194
571.0,2.6990323578313945e-05,0.033825767674460876,0.047429414034836116,0.9002175334779965
571.5,2.6123119197086656e-05,0.03355544328582299,0.04640462441912093,0.9030897508055918
572.0,2.5283156543161468e-05,0.03328685220941707,0.04539757742710822,0.9059401739670477
572.5,2.446960242997444e-05,0.03301998872089559,0.044408067816329666,0.9087678752654575
573.0,2.3681648344638094e-05,0.032754847040327835,0.043435890677643425,0.9115719189515372
573.5,2.2918509745935183e-05,0.03249142133349532,0.042480841473198694,0.9143513614136549
574.0,2.2179425381282555e-05,0.032229705713174774,0.04154271607403001,0.9171052513768473
574.5,2.1463656622186254e-05,0.031969694240408866,0.04062131079727358,0.9198326301109612
575.0,2.077048681772131e-05,0.031711380925765066,0.0397164224429921,0.9225325316480436
575.5,2.0099220665580614e-05,0.031454759730581976,0.0388278483305988,0.9252039830091039
576.0,1.944918360024552e-05,0.03119982456820374,0.037955386334872575,0.927846004440362
576.5,1.88197211978432e-05,0.030946569305202204,0.037098834921549785,0.9304576096590905
577.0,1.8210198597266304e-05,0.030694987762586935,0.03625799318248441,0.9330378061091573
577.5,1.7619999937135936e-05,0.03044507371700305,0.03543266087036644,0.9355855952263623
578.0,1.704852780820547e-05,0.0301968209019172,0.034622638432986345,0.9380999727136563
578.5,1.6495202720806383e-05,0.029950223008790976,0.03382772704703552,0.9405799288263242
579.0,1.595946258694863e-05,0.02970527368824268,0.03304772865143268,0.9430244486672084
579.5,1.5440762216698352e-05,0.02946196655119686,0.032282445980166004,0.9454325124920324
580.0,1.493857282846219e-05,0.029220295170021806,0.03153168259463943,0.9478030960248894
580.5,1.4452381572818564e-05,0.028980253079655113,0.030795242915513436,0.9501351707839377
581.0,1.3981691069543317e-05,0.028741833778717144,0.03007293225403151,0.952427704417348
581.5,1.3526018957485533e-05,0.028505030730612602,0.029364556842820178,0.9546796610495285
582.0,1.3084897456958894e-05,0.028269837364620392,0.02866992386615387,0.9568900016376544
582.5,1.2657872944319609e-05,0.028036247076971055,0.027988841489676248,0.9590576843385041
583.0,1.2244505538413086e-05,0.027804253231912972,0.027321118889566492,0.9611816648856146
583.5,1.1844368698575145e-05,0.027573849162766277,0.0266665662811423,0.9632608969767364
584.0,1.1457048833885715e-05,0.027345028172965292,0.026024994946892265,0.9652943326715734
584.5,1.1082144923375578e-05,0.027117783537088935,0.02539621726392652,0.9672809227997741
585.0,1.0719268146898271e-05,0.026892108501879647,0.024780046730838747,0.9692196173791351
585.5,1.0368041526382715e-05,0.026667996287250494,0.024176297993972036,0.9711093660439566
586.0,1.0028099577192427e-05,0.026445440087280916,0.023584786873079643,0.9729491184834906
586.5,9.699087969320711e-06,0.026224433071200325,0.023005330386373823,0.9747378248904001
587.0,9.38066319815981e-06,0.026004968384360727,0.022437746774956722,0.9764744364191397
587.5,9.072492264588527e-06,0.0257870391491976,0.021881855526624538,0.9781579056541557
588.0,8.774252364128351e-06,0.025570638466179296,0.021337477399040846,0.9797871870877898
588.5,8.485630584923975e-06,0.025355759414745112,0.020804434442271282,0.9813612376077547
589.0,8.206323614312052e-06,0.02514239505423194,0.020282550020675992,0.9828790169940455
589.5,7.936037453745598e-06,0.02493053842478966,0.019771648834152604,0.984339488425126
590.0,7.674487141848908e-06,0.02472018254828522,0.01927155693872629,0.9857416189932233
590.5,7.421396485382996e-06,0.024511320429195703,0.01878210176648269,0.9870843802285488
591.0,7.1764977979067405e-06,0.024303945055489766,0.018303112144838603,0.9883667486322448
591.5,6.939531645925324e-06,0.024098049399498573,0.017834418315147593,0.9895877062178496
592.0,6.710246602320928e-06,0.023893626418775245,0.01737585195063809,0.9907462410610549
592.5,6.488399006868747e-06,0.02369066905694352,0.01692724617367996,0.991841347857512
593.0,6.273752733643581e-06,0.02348917024453546,0.01648843557237758,0.9928720284884381
593.5,6.066078965128483e-06,0.02328912289981813,0.016059256216489005,0.9938372925937495
594.0,5.865155972842508e-06,0.02309051992960975,0.015639545672667666,0.9947361581524379
594.5,5.670768904307348e-06,0.022893354230084775,0.015229143019026834,0.9955676520698937
595.0,5.482709576179179e-06,0.02269761868756847,0.014827888859026781,0.9963308107718623
595.5,5.300776273375519e-06,0.02250330617932071,0.014435625334683398,0.9970246808047001
596.0,5.124773554031206e-06,0.02231040957430935,0.014052196139098706,0.997648319441596
596.5,4.954512060122898e-06,0.022118921733972955,0.013677446528315446,0.9982007952943921
597.0,4.789808333604119e-06,0.02192883551297314,0.013311223332494945,0.9986811889306335
597.5,4.630484637898261e-06,0.02174014375993649,0.012953374966421545,0.999088593495462
598.0,4.47636878460077e-06,0.021552839318186003,0.012603751439334104,0.9994221153379461
598.5,4.327293965244731e-06,0.02136691502646272,0.012262204364088912,0.9996808746414356
599.0,4.1830985879889684e-06,0.02118236371963658,0.011928586965654903,0.9998640060575037
599.5,4.0436261190910045e-06,0.020999178229407472,0.01160275408894566,0.9999706593430355
600.0,3.908724929030499e-06,0.0208173513849962,0.01128456220599196,1.0
600.5,3.778248143153135e-06,0.020636876013825318,0.010973869422458201,0.999951209917431
601.0,3.6520534967077706e-06,0.020457744942190194,0.010670535483507534,0.9998234880151309
601.5,3.5300031941530195e-06,0.020279950995920053,0.010374421779020987,0.9996160508885935
602.0,3.411963772613112e-06,0.020103487001029288,0.010085391348175288,0.9993281334546339
602.5,3.2978059693657937e-06,0.019928345784358995,0.009803308883384846,0.9989589895971935
603.0,3.187404593248052e-06,0.019754520174209072,0.009528040733614868,0.9985078928127831
603.5,3.080638399869065e-06,0.019582003000960153,0.009259454907070674,0.9979741368550087
604.0,2.977389970521807e-06,0.01941078709768677,0.008997421073270492,0.997357036377618
604.5,2.877545594688606e-06,0.019240865300760437,0.008741810564509242,0.996655927575485
605.0,2.780995156038191e-06,0.019072230450443674,0.008492496376719522,0.9958701688229545
605.5,2.6876320218146974e-06,0.018904875391474674,0.008249353169738315,0.9949991413089363
606.0,2.5973529355217557e-06,0.018738792973642563,0.00801225726698704,0.994042249668152
606.5,2.5100579128073466e-06,0.018573976052353655,0.007781086654573394,0.9929989226079058
607.0,2.425650140458053e-06,0.018410417489188653,0.007555720979823182,0.9918686135297587
607.5,2.344035878413041e-06,0.01824811015245053,0.007336041549251147,0.9906508011454674
608.0,2.2651243647114865e-06,0.018087046917703707,0.0071219313259801385,0.98934499008654
608.5,2.1888277232887e-06,0.017927220668304312,0.006913274926617364,0.9879507115067631
609.0,2.1150608745389807e-06,0.017768624295921555,0.006709958617597699,0.9864675236770354
609.5,2.0437414485654475e-06,0.01761125070105035,0.0065118703110038905,0.9848950125718455
610.0,1.9747897010390465e-06,0.017455092793515335,0.006318899559873381,0.9832327924467266
610.5,1.908128431591257e-06,0.01730014349296613,0.006130937553002008,0.981480506406002
611.0,1.8436829046672433e-06,0.01714639572936447,0.0059478771092554596,0.9796378269601583
611.5,1.7813807727676102e-06,0.016993842443462283,0.005769612671398325,0.9777044565721464
612.0,1.7211520020097907e-06,0.01684247658727186,0.005596040299452022,0.9756801281919412
612.5,1.6629287999413356e-06,0.016692291124527567,0.005427057663592552,0.9735646057786582
613.0,1.6066455455393878e-06,0.01654327903113926,0.005262564036598779,0.9713576848095516
613.5,1.5522387213327263e-06,0.01639543329563763,0.005102460285862627,0.9690591927752022
614.0,1.4996468475840392e-06,0.01624874691961136,0.0049466488649727745,0.9666689896602001
614.5,1.4488104184725539e-06,0.0161032129181364,0.0047950338048827834,0.9641869684086551
615.0,1.399671840217913e-06,0.015958824320197133,0.004647520704675578,0.9616130553738311
615.5,1.3521753710886662e-06,0.01581557416909985,0.004504016721935684,0.9589472107512442
616.0,1.3062670632398708e-06,0.01567345552287819,0.0043644305627411764,0.9561894289945418
616.5,1.2618947063258462e-06,0.015532461454691062,0.004228672471286752,0.9533397392134887
617.0,1.2190077728360068e-06,0.015392585053212896,0.004096654219149931,0.950398205553414
617.5,1.1775573651027563e-06,0.015253819423016145,0.003968289094212351,0.9473649275554448
618.0,1.137496163932063e-06,0.01511615768494647,0.0038434918892478816,0.9442400404968966
618.5,1.098778378808757e-06,0.014979592976490364,0.00372217889018931,0.9410237157111788
619.0,1.0613596996298564e-06,0.014844118452135482,0.0036042678640860045,0.9377161608865789
619.5,1.0251972499205694e-06,0.014709727283723694,0.0034896780467639755,0.9343176203433324
620.0,9.902495414890341e-07,0.01457641266079671,0.003378330130200408,0.930828375288351
620.5,9.564764304769216e-07,0.014444167790934954,0.0032701462496246975,0.9272487440470479
621.0,9.238390747642829e-07,0.014312985900088936,0.0031650499703576055,0.9235790822716587
621.5,8.922998926884641e-07,0.014182860232903978,0.003062966274400421,0.9198197831255241
622.0,8.6182252303763e-07,0.014053784053037702,0.0029638215467859665,0.915971277442783
622.5,8.323717862809627e-07,0.013925750643470907,0.002867543561703081,0.9120340338629439
623.0,8.039136469984288e-07,0.013798753306811497,0.0027740614684059867,0.9080085589398551
623.5,7.764151774742362e-07,0.013672785365591803,0.0026833057769206424,0.9038953972245571
624.0,7.49844522419024e-07,0.013547840162559116,0.0025952083435588735,0.8996951313215831
624.5,7.241708647868913e-07,0.013423911060959763,0.0025097023562521406,0.8954083819182517
625.0,6.993643926543819e-07,0.013300991444816673,0.0024267223197158984,0.8910358077865256
625.5,6.75396267129377e-07,0.013179074719200434,0.002346204040455967,0.8865781057570665
626.0,6.522385912589082e-07,0.013058154310493973,0.0022680846116276457,0.8820360106650845
626.5,6.298643799057099e-07,0.012938223666651111,0.0021923023977586903,0.8774102952676661
627.0,6.082475305642838e-07,0.012819276257448647,0.002118797019346905,0.8727017701322517
627.5,5.873627950879591e-07,0.012701305574732452,0.002047509337342861,0.8679112834959605
628.0,5.671857522994978e-07,0.012584305132657429,0.0019783814375282953,0.8630397210955347
628.5,5.476927814583027e-07,0.012468268467921446,0.0019113566148006474,0.8580880059676299
629.0,5.288610365583512e-07,0.012353189139993243,0.0018463793573736836,0.8530570982192931
629.5,5.10668421431515e-07,0.012239060731334643,0.0017833953309043641,0.8479479947684155
630.0,4.930935656318312e-07,0.012125876847616733,0.0017223513625558675,0.8427617290540588
630.5,4.7611580107687546e-07,0.012013631117930447,0.0016631954250062456,0.8374993707165299
631.0,4.5971513942321084e-07,0.011902317194991362,0.0016058766204123734,0.8321620252471232
631.5,4.4387225015344513e-07,0.011791928755338956,0.0015503451643385,0.8267508336075216
632.0,4.285684393531746e-07,0.011682459499530342,0.0014965523696584553,0.8212669718188128
632.5,4.137856291567233e-07,0.011573903152328329,0.0014444506304404435,0.8157116505201848
633.0,3.995063378411594e-07,0.01146625346288431,0.001393993405823371,0.810086114497355
633.5,3.85713660548726e-07,0.011359504204915636,0.0013451352038929706,0.8043916421808167
634.0,3.7239125061838746e-07,0.011253649176877765,0.0012978315655663175,0.7986295451140824
634.5,3.595233015078212e-07,0.011148682202131232,0.0012520390484927514,0.7928011673920499
635.0,3.4709452928758265e-07,0.011044597129103299,0.0012077152109792612,0.786907885069755
635.5,3.350901556899648e-07,0.010941387831444695,0.0011648185959479912,0.7809511055417103
636.0,3.2349589169532006e-07,0.01083904820818129,0.0011233087149334078,0.7749322668921594
636.5,3.1229792163936216e-07,0.010737572183860634,0.0010831460321266025,0.7688528372165542
637.0,3.014828878252743e-07,0.010636953708693848,0.001044291948473619,0.7627143139146025
637.5,2.9103787562508036e-07,0.010537186758692493,0.001006708785834896,0.7565182229553314
638.0,2.8095039905506376e-07,0.010438265335800697,0.0009703597712124983,0.7502661181145494
638.5,2.712083868106154e-07,0.01034018346802263,0.0009352090210515176,0.7439595801852328
639.0,2.618001687462059e-07,0.010242935209545249,0.0009012215256220143,0.7376002161613298
639.5,2.527144627866693e-07,0.010146514640856502,0.0008683631334875773,0.7311896583955186
640.0,2.439403622564369e-07,0.010050915868858925,0.0008366005360662378,0.7247295637315531
640.5,2.3546732361363575e-07,0.009956133026978868,0.0008059012522894704,0.7182216126117675
641.0,2.2728515457651494e-07,0.009862160275271254,0.0007762336133647097,0.7116675081604482
641.5,2.19384002629948e-07,0.009768991800519888,0.000747566747646505,0.7050689752437547
642.0,2.117543439001055e-07,0.009676621816333704,0.0007198705656214016,0.6984277595069024
642.5,2.043869723858895e-07,0.009585044563238556,0.0006931157450113383,0.691745626389425
643.0,1.9727298953586667e-07,0.009494254308764919,0.0006672737160000963,0.6850243601192604
643.5,1.9040379415996875e-07,0.009404245347531499,0.0006423166465872212,0.678265762686557
644.0,1.83771072665444e-07,0.009315012001324707,0.0006182174280735995,0.6714716527980117
644.5,1.7736678960687134e-07,0.009226548619174216,0.0005949496606826598,0.6646438648126868
645.0,1.711831785404268e-07,0.00913884957742446,0.0005724876393209464,0.6577842476602189
645.5,1.6521273317278103e-07,0.00905190927980234,0.00055080633948169,0.6508946637423655
646.0,1.5944819879542092e-07,0.008965722157481041,0.0005298814032947456,0.643976987818921
646.5,1.5388256399537918e-07,0.008880282669140078,0.0005096891257260524,0.6370331058789719
647.0,1.4850905263366143e-07,0.00879558530102164,0.0004902064409296514,0.630064913998575
647.5,1.4332111608294677e-07,0.008711624566983192,0.0004714109087550904,0.6230743171859162
648.0,1.383124257163603e-07,0.008628395008546534,0.0004532807014127841,0.6160632282150235
648.5,1.3347686563939236e-07,0.008545891194943324,0.00043579459029981487,0.6090335664491956
649.0,1.2880852565727705e-07,0.008464107723156913,0.000418931932988452,0.6019872566552303
649.5,1.2430169447037516e-07,0.008383039217960936,0.0004026726603794411,0.5949262278096682
650.0,1.1995085309033573e-07,0.008302680331954372,0.00038699726402200964,0.5878524118981707
650.5,1.1575066847003474e-07,0.008223025745593264,0.00037188678360233686,0.5807677427092721
651.0,1.1169598734051715e-07,0.00814407016721919,0.0003573227946020577,0.5736741546236968
651.5,1.0778183024834703e-07,0.00806580833308443,0.00034328739612822756,0.5665735814004429
652.0,1.040033857870156e-07,0.00798823500737394,0.0003297631989160304,0.5594679549609156
652.5,1.0035600501621284e-07,0.007911344982224202,0.0003167333135052959,0.5523592041722952
653.0,9.683519606299184e-08,0.007835133077738938,0.000304181338591827,0.5452492536314417
653.5,9.343661889902306e-08,0.007759594142001811,0.00029209134955430555,0.5381400224505762
654.0,9.015608028831854e-08,0.0076847230510860695,0.00028044788715748465,0.5310334230459827
654.5,8.698952889998796e-08,0.0076105147090612885,0.00026923594643214207,0.5239313599310459
655.0,8.393305058073954e-08,0.007536964047997211,0.00025844096573221807,0.5168357285148378
655.5,8.098286378203975e-08,0.00746406602796465,0.000248048815969391,0.5097484139075653
656.0,7.813531513694811e-08,0.007391815637033725,0.00023804579002518892,0.5026712897341253
656.5,7.538687518186389e-08,0.007320207891269124,0.00022841859234066353,0.4956062169570142
657.0,7.273413421851337e-08,0.0072492378347229144,0.00021915432868351606,0.4885550427098827
657.5,7.017379831168607e-08,0.0071789005394243925,0.00021024049609239329,0.48151959914293446
658.0,6.770268541836376e-08,0.007109191105367553,0.00020166497299805563,0.4745017022814585
658.5,6.53177216440085e-08,0.0070401046604958275,0.00019341600952092145,0.4675031508986583
659.0,6.301593762192531e-08,0.006971636360684353,0.00018548221794443875,0.4605257254040427
659.5,6.079446501173511e-08,0.00690378138971969,0.00017785256336360695,0.4535711867485423
660.0,5.865053311311543e-08,0.006836534959277188,0.00017051635450790118,0.44664127534751774
660.5,5.658146559109552e-08,0.006769892308895839,0.00016346323473770803,0.4397377100228582
661.0,5.4584677309307456e-08,0.006703848705950839,0.0001566831732133576,0.4328621869652479
661.5,5.265767126769348e-08,0.006638399445623782,0.0001501664562356904,0.4260163787177614
662.0,5.079803564130835e-08,0.006573539850870618,0.0001439036787570543,0.41920193318185334
662.5,4.900344091693492e-08,0.006509265272387353,0.00013788573606151756,0.41242047264678383
663.0,4.727163712434848e-08,0.006445571088573541,0.00013210381561303951,0.4056735928435561
663.5,4.5600451159162586e-08,0.006382452705493638,0.00012654938907023916,0.39896286202431347
664.0,4.398778419428691e-08,0.006319905556836275,0.00012121420446635577,0.3922898200682075
664.5,4.2431609177121296e-08,0.006257925103871356,0.00011609027855290498,0.38565597761465603
665.0,4.0929968409697653e-08,0.00619650683540523,0.0001111698893055167,0.3790628152248742
665.5,3.948097120907842e-08,0.006135646267733839,0.00010644556859031674,0.3725117825725846
666.0,3.808279164539528e-08,0.006075338944593828,0.0001019100949892286,0.3660042976646807
666.5,3.673366635500512e-08,0.006015580437111845,9.755648678247219e-05,0.35954174609268486
667.0,3.543189242631331e-08,0.005956366343751935,9.337799508650617e-05,0.3531254803156932
667.5,3.417582535589372e-08,0.005897692290260996,8.936809714561046e-05,0.3467568189755582
668.0,3.2963877072616386e-08,0.005839553929612594,8.552048977527411e-05,0.3404370462449492
668.5,3.1794514027555006e-08,0.005781946941948843,8.182908295549322e-05,0.3341674112088972
669.0,3.066625534753121e-08,0.005724867034520659,7.828799357207085e-05,0.32794912728043485
669.5,2.9577671050210207e-08,0.005668309941626313,7.489153930395993e-05,0.32178337165081283
670.0,2.852738031873709e-08,0.005612271424548225,7.163423265466882e-05,0.3156712847748115
670.5,2.7514049833958216e-08,0.0055567472714882285,6.851077512571602e-05,0.30961396989156786
671.0,2.653639216234777e-08,0.005501733297501232,6.551605153010245e-05,0.30361249258128437
671.5,2.5593164197804258e-08,0.005447225344427276,6.264512444373888e-05,0.2976678803581984
672.0,2.4683165655556358e-08,0.00539321928082209,5.989322879275005e-05,0.2917811223000501
672.5,2.380523761646096e-08,0.005339711001886169,5.7255766574562975e-05,0.2859531687143367
673.0,2.2958261120041714e-08,0.005286696429392387,5.4728301710663684e-05,0.2801849308414923
673.5,2.21411558046589e-08,0.005234171511612173,5.230655502890266e-05,0.27447728059517357
674.0,2.135287859326597e-08,0.005182132223240299,4.99863993732092e-05,0.2688310503397179
674.5,2.059242242324678e-08,0.005130574565318314,4.7763854838579314e-05,0.2632470327048013
675.0,1.9858815018881982e-08,0.005079494565156629,4.563508412918025e-05,0.2577259804373182
675.5,1.9151117705038757e-08,0.005028888276255364,4.359638803742265e-05,0.2522686062903775
676.0,1.8468424260721965e-08,0.00497875177822382,4.1644201041845216e-05,0.24687558294933576
676.5,1.780985981117175e-08,0.004929081176698815,3.977508702165494e-05,0.24154754299469458
677.0,1.7174579757232097e-08,0.004879872603261787,3.798573508576506e-05,0.23628507890163286
677.5,1.656176874076005e-08,0.0048311222153546544,3.627295551418811e-05,0.23108874307595184
678.0,1.5970639644878216e-08,0.0047828261961946495,3.4633675809629746e-05,0.22595904792607896
678.5,1.5400432627920904e-08,0.004734980754687914,3.306493685714549e-05,0.22089646597081533
679.0,1.4850414189956292e-08,0.004687582125342057,3.156388918973429e-05,0.2159014299824037
679.5,1.4319876270802695e-08,0.004640626568177663,3.0127789357739615e-05,0.2109743331644606
680.0,1.3808135378494812e-08,0.004594110368638776,2.875399639995169e-05,0.2061155293643107
680.5,1.3314531747188541e-08,0.004548029837502287,2.743996841431049e-05,0.201325333319147
681.0,1.2838428523527644e-08,0.00450238131078647,2.618325922612704e-05,0.1966040209354757
681.5,1.23792109805226e-08,0.0044571611496584595,2.498151515174863e-05,0.191951829601189
682.0,1.1936285758029682e-08,0.004412365740340875,2.3832471855618666e-05,0.1873689585296331
682.5,1.1509080128942527e-08,0.004367991494017488,2.2733951298691406e-05,0.18285556913495812
683.0,1.1097041290240412e-08,0.004324034846738048,2.1683858776184238e-05,0.17841178543800046
683.5,1.0699635678063524e-08,0.0042804922593222584,2.0680180042666446e-05,0.17403769450195267
684.0,1.0316348306015878e-08,0.004237360217262926,1.972097852250759e-05,0.16973334689697564
684.5,9.946682125918352e-09,0.004194635230628286,1.880439260372445e-05,0.16549875719293927
685.0,9.590157410262852e-09,0.004152313833963588,1.7928633013290496e-05,0.16133390447940657
685.5,9.246311155642604e-09,0.004110392586191922,1.7091980271995504e-05,0.15723873291194593
686.0,8.914696506456767e-09,0.004068868070514318,1.629278222696102e-05,0.15321315228386614
686.5,8.594882198210766e-09,0.0040277368943090995,1.5529451659946314e-05,0.1492570386223816
687.0,8.286452019756404e-09,0.003986995689030624,1.4800463969603459e-05,0.14537023480825984
687.5,7.989004293837823e-09,0.003946641110107337,1.4104354925860042e-05,0.1415525512179102
688.0,7.702151375327279e-09,0.003906669836839181,1.343971849464061e-05,0.13780376638691366
688.5,7.4255191665609396e-09,0.0038670785722943945,1.2805204731159304e-05,0.1341236276939379
689.0,7.158746649197571e-09,0.0038278640432057444,1.2199517740043596e-05,0.13051185206396107
689.5,6.901485432046605e-09,0.003789022999866143,1.162141370057627e-05,0.12696812668975282
690.0,6.653399314328586e-09,0.0037505522160237647,1.1069698955369174e-05,0.12349210977049031
690.5,6.414163863849459e-09,0.0037124484887766213,1.0543228160810942e-05,0.12008343126642813
691.0,6.1834660095861576e-09,0.003674708638466591,1.0040902497656828e-05,0.11674169366850194
691.5,5.961003648198725e-09,0.0036373295085730347,9.561667940156329e-06,0.11346647278173343
692.0,5.7464852640002434e-09,0.0036003079656058575,9.104513582146667e-06,0.11025731852133501
692.5,5.5396295619299906e-09,0.003563640898998231,8.668470018560062e-06,0.10711375572035692
693.0,5.3401651130921e-09,0.003527325220998768,8.252607780830455e-06,0.10403528494776679
693.5,5.147830012435122e-09,0.0034913578665633997,7.856035824705845e-06,0.10102138333582307
694.0,4.962371548163353e-09,0.0034557357932467757,7.477900069005569e-06,0.09807150541560332
694.5,4.783545882482271e-09,0.003420455981093369,7.117381983887379e-06,0.09518508395958382
695.0,4.611117743296472e-09,0.003385515432528151,6.773697227219973e-06,0.09236153083012642
695.5,4.444860126488302e-09,0.0033509111722470103,6.446094327682472e-06,0.0896002378327847
696.0,4.2845540084197905e-09,0.003316640247106786,6.1338534132415985e-06,0.08690057757330653
696.5,4.129988068311897e-09,0.003282699726015057,5.836284983686944e-06,0.08426190431725725
697.0,3.980958420165859e-09,0.0032490866998196232,5.552728725929126e-06,0.08168355485118056
697.5,3.837268353903216e-09,0.003215798281197706,5.282552370796919e-06,0.07916484934422499
698.0,3.6987280854124366e-09,0.003182831604544935,5.0251505900960166e-06,0.07670509220920695
698.5,3.565154515199258e-09,0.0031501838258640997,4.779943932717842e-06,0.07430357296205933
699.0,3.436370995348716e-09,0.003117852122653647,4.54637779861716e-06,0.07195956707867236
